<?xml version="1.0" encoding="UTF-8" standalone="yes"?>
<addon id="repository.loonaticsasylum"
       name="  [COLORspringgreen]L[COLORpalegreen]o[COLORlime]o[COLORred]N[COLORcrimson]a[COLORmediumpurple]t[COLORmediumorchid]i[COLORorangered]c[COLORorange]s [COLORdeepskyblue]Asylum[/COLOR] [COLORblue]Repo[/COLOR]"
       version="21.4.22"
       provider-name="[COLORgreen]• [COLORspringgreen]Tech [COLORpalegreen]E [COLORlime]Coyote [COLORgreen]•[/COLOR]">
    <extension point="xbmc.addon.repository" name="Loonatics Asylum Repository">
        <dir><!--LoonaticsAsylum-->
            <info compressed="false">https://raw.githubusercontent.com/techecoyote/LooNaticsAsylum/master/zips/addons.xml</info>
            <checksum>https://raw.githubusercontent.com/techecoyote/LooNaticsAsylum/master/zips/addons.xml.md5</checksum>
            <datadir zip="true">https://raw.githubusercontent.com/techecoyote/LooNaticsAsylum/master/zips/</datadir>
        </dir>
        <dir><!--TheLaboratory-->
            <info compressed="false">https://raw.githubusercontent.com/techecoyote/The_Laboratory/master/zips/addons.xml</info>
            <checksum>https://raw.githubusercontent.com/techecoyote/The_Laboratory/master/zips/addons.xml.md5</checksum>
            <datadir zip="true">https://raw.githubusercontent.com/techecoyote/The_Laboratory/master/zips/</datadir>
        </dir>
        <dir><!--MyAccounts-->
            <info compressed="false">https://raw.githubusercontent.com/mr-kodi/repository.myaccounts/master/zips/addons.xml</info>
            <checksum>https://raw.githubusercontent.com/mr-kodi/repository.myaccounts/master/zips/addons.xml.md5</checksum>
            <datadir zip="true">https://raw.githubusercontent.com/mr-kodi/repository.myaccounts/master/zips/</datadir>
        </dir>
        <dir><!--FenomScrapers-->
            <info compressed="false">https://raw.githubusercontent.com/mr-kodi/repository.fenomscrapers/master/zips/addons.xml</info>
            <checksum>https://raw.githubusercontent.com/mr-kodi/repository.fenomscrapers/master/zips/addons.xml.md5</checksum>
            <datadir zip="true">https://raw.githubusercontent.com/mr-kodi/repository.fenomscrapers/master/zips/</datadir>
        </dir>
        <dir><!--SlyGuyTV-->
            <info compressed="false">https://k.slyguy.xyz/.repo/addons.xml</info>
            <checksum>https://k.slyguy.xyz/.repo/addons.xml.md5</checksum>
            <datadir zip="true">https://k.slyguy.xyz/.repo/</datadir>
        </dir>
        <dir maxversion="18.9.0"><!--SlyGuyInputStreams-->
            <info compressed="false">https://raw.githubusercontent.com/johnny5-is-alive/iat-repo/master/main/leia/addons.xml</info>
            <checksum>https://raw.githubusercontent.com/johnny5-is-alive/iat-repo/master/main/leia/addons.xml.md5</checksum>
            <datadir zip="true">https://raw.githubusercontent.com/johnny5-is-alive/iat-repo/master/main/leia/</datadir>
        </dir>
        <dir><!--OpenScrapers-->
            <info compressed="false">https://raw.githubusercontent.com/a4k-openproject/repository.openscrapers/master/zips/addons.xml</info>
            <checksum>https://raw.githubusercontent.com/a4k-openproject/repository.openscrapers/master/zips/addons.xml.md5</checksum>
            <datadir zip="true">https://raw.githubusercontent.com/a4k-openproject/repository.openscrapers/master/zips/</datadir>
        </dir>
        <dir><!--UniversalScrapers-->
            <info compressed="false">https://raw.githubusercontent.com/teamuniversal/scrapers/master/_modules4all/zips/addons.xml</info>
            <checksum>https://raw.githubusercontent.com/teamuniversal/scrapers/master/_modules4all/zips/addons.xml.md5</checksum>
            <datadir zip="true">https://raw.githubusercontent.com/teamuniversal/scrapers/master/_modules4all/zips/</datadir>
        </dir>
        <dir><!--ResolveUrl-->
            <info compressed="false">https://raw.githubusercontent.com/Gujal00/smrzips/master/addons.xml</info>
            <checksum>https://raw.githubusercontent.com/Gujal00/smrzips/master/addons.xml.md5</checksum>
            <datadir zip="true">https://raw.githubusercontent.com/Gujal00/smrzips/master/zips/</datadir>
        </dir>
        <dir>
            <info compressed="false">https://raw.github.com/Gujal00/GujalKodiWork/master/addons.xml</info>
            <checksum>https://raw.github.com/Gujal00/GujalKodiWork/master/addons.xml.md5</checksum>
            <datadir zip="true">https://raw.github.com/Gujal00/GujalKodiWork/master/zips/</datadir>
        </dir>
        <dir><!--EstuaryMods-->
            <info compressed="false">https://raw.githubusercontent.com/Guilouz/repository.guilouz/master/_repo/addons.xml</info>
            <checksum>https://raw.githubusercontent.com/Guilouz/repository.guilouz/master/_repo/addons.xml.md5</checksum>
            <datadir zip="true">https://github.com/Guilouz/repository.guilouz/raw/master/_repo</datadir>
        </dir>
        <dir><!--Nostromo-->
            <info compressed="false">https://raw.githubusercontent.com/nostromorepo/install/master/plugins/addons.xml</info>
            <checksum>https://raw.githubusercontent.com/nostromorepo/install/master/plugins/addons.xml.md5</checksum>
            <datadir zip="true">https://raw.githubusercontent.com/nostromorepo/install/master/plugins</datadir>
        </dir>
        <dir><!--Magnetar-->
            <info compressed="false">https://raw.githubusercontent.com/nostromorepo/magnetar/master/zips/addons.xml</info>
            <checksum>https://raw.githubusercontent.com/nostromorepo/magnetar/master/zips/addons.xml.md5</checksum>
            <datadir zip="true">https://raw.githubusercontent.com/nostromorepo/magnetar/master/zips</datadir>
        </dir>
        <dir><!--MadHouse-->
            <info compressed="false">http://cf368ff.online-server.cloud/madhouse/mht/zips/addons.xml</info>
            <checksum>http://cf368ff.online-server.cloud/madhouse/mht/zips/addons.xml.md5</checksum>
            <datadir zip="true">http://cf368ff.online-server.cloud/madhouse/mht/zips/</datadir>
        </dir>
        <dir><!--MadHouse-->
            <info compressed="false">http://cf368ff.online-server.cloud/madhouse/zips/addons.xml</info>
            <checksum>http://cf368ff.online-server.cloud/madhouse/zips/addons.xml.md5</checksum>
            <datadir zip="true">http://cf368ff.online-server.cloud/madhouse/zips/</datadir>
        </dir>
        <dir><!--MadHouse-->
            <info compressed="false">http://cf368ff.online-server.cloud/madhouse/mhp/zips/addons.xml</info>
            <checksum>http://cf368ff.online-server.cloud/madhouse/mhp/zips/addons.xml.md5</checksum>
            <datadir zip="true">http://cf368ff.online-server.cloud/madhouse/mhp/zips/</datadir>
        </dir>
        <dir><!--DCvcMarvel-->
            <info compressed="false">http://dcvmarvelbuild.co.uk/Repo/addons.xml</info>
            <checksum>http://dcvmarvelbuild.co.uk/Repo/addons.xml.md5</checksum>
            <datadir zip="true">http://dcvmarvelbuild.co.uk/Repo/</datadir>
        </dir>
        <dir><!--420 ClubHouse-->
            <info compressed="false">http://team2wacked.xyz/_Clubhouse/addons.xml</info>
            <checksum>http://team2wacked.xyz/_Clubhouse/addons.xml.md5</checksum>
            <datadir zip="true">http://team2wacked.xyz/_Clubhouse/</datadir>
        </dir>
        <dir><!--Voltage-->
            <info compressed="false">http://cf368ff.online-server.cloud/volt/par/zips/addons.xml</info>
            <checksum>http://cf368ff.online-server.cloud/volt/par/zips/addons.xml.md5</checksum>
            <datadir zip="true">http://cf368ff.online-server.cloud/volt/par/zips/</datadir>
        </dir>
        <dir><!--Voltage-->
            <info compressed="false">http://cf368ff.online-server.cloud/volt/plugins/zips/addons.xml</info>
            <checksum>http://cf368ff.online-server.cloud/volt/plugins/zips/addons.xml.md5</checksum>
            <datadir zip="true">http://cf368ff.online-server.cloud/volt/plugins/zips/</datadir>
        </dir>
        <dir><!--Voltage-->
            <info compressed="false">http://cf368ff.online-server.cloud/volt/scripts/zips/addons.xml</info>
            <checksum>http://cf368ff.online-server.cloud/volt/scripts/zips/addons.xml.md5</checksum>
            <datadir zip="true">http://cf368ff.online-server.cloud/volt/scripts/zips/</datadir>
        </dir>
        <dir><!--Karnage-->
            <info compressed="false">http://82.165.248.28/bonecrusher/zips/addons.xml</info>
            <checksum>http://82.165.248.28/bonecrusher/zips/addons.xml.md5</checksum>
            <datadir zip="true">http://82.165.248.28/bonecrusher/zips/</datadir>
        </dir>
        <dir><!--Karnage-->
            <info compressed="false">http://cf368ff.online-server.cloud/bonecrusher/metas/addons.xml</info>
            <checksum>http://cf368ff.online-server.cloud/bonecrusher/metas/addons.xml.md5</checksum>
            <datadir zip="true">http://cf368ff.online-server.cloud/bonecrusher/metas/</datadir>
        </dir>
        <dir><!--Karnage-->
            <info compressed="false">http://82.165.248.28/bonecrusher/projx/addons.xml</info>
            <checksum>http://82.165.248.28/bonecrusher/projx/addons.xml.md5</checksum>
            <datadir zip="true">http://82.165.248.28/bonecrusher/projx/</datadir>
        </dir>
        <dir><!--Karnage-->
            <info compressed="false">http://82.165.248.28/bonecrusher/xxxmeta/addons.xml</info>
            <checksum>http://82.165.248.28/bonecrusher/xxxmeta/addons.xml.md5</checksum>
            <datadir zip="true">http://82.165.248.28/bonecrusher/xxxmeta/</datadir>
        </dir>
    </extension>
    <extension point="xbmc.addon.metadata">
        <summary>[COLORspringgreen]L[COLORpalegreen]o[COLORlime]o[COLORred]N[COLORcrimson]a[COLORmediumpurple]t[COLORmediumorchid]i[COLORorangered]c[COLORorange]s [COLORdeepskyblue]Asylum[/COLOR] [COLORblue]Repo[/COLOR]</summary>
        <description>[COLORspringgreen]L[COLORpalegreen]o[COLORlime]o[COLORred]N[COLORcrimson]a[COLORmediumpurple]t[COLORmediumorchid]i[COLORorangered]c[COLORorange]s [COLORdeepskyblue]Asylum[/COLOR] [COLORblue]Repo[/COLOR]</description>
        <platform>all</platform>
    <assets>
        <icon>icon.png</icon>
        <fanart>fanart.jpg</fanart>
    </assets>
    </extension>
</addon>