<?xml version="1.0" encoding="UTF-8" standalone="yes"?>
<addon id="repository.loonaticsasylum"
       name="  [COLORspringgreen]L[COLORpalegreen]o[COLORlime]o[COLORred]N[COLORcrimson]a[COLORmediumpurple]t[COLORmediumorchid]i[COLORorangered]c[COLORorange]s [COLORdeepskyblue]Asylum[/COLOR] [COLORblue]Repo[/COLOR]"
       version="21.3.26"
       provider-name="[COLORgreen]• [COLORspringgreen]Tech [COLORpalegreen]E [COLORlime]Coyote [COLORgreen]•[/COLOR]">
    <extension point="xbmc.addon.repository" name="Loonatics Asylum Repository">
        <dir>
            <info compressed="false">https://raw.githubusercontent.com/techecoyote/LooNaticsAsylum/master/zips/addons.xml</info>
            <checksum>https://raw.githubusercontent.com/techecoyote/LooNaticsAsylum/master/zips/addons.xml.md5</checksum>
            <datadir zip="true">https://raw.githubusercontent.com/techecoyote/LooNaticsAsylum/master/zips/</datadir>
        </dir>
        <dir>
            <info compressed="false">https://raw.githubusercontent.com/techecoyote/The_Laboratory/master/zips/addons.xml</info>
            <checksum>https://raw.githubusercontent.com/techecoyote/The_Laboratory/master/zips/addons.xml.md5</checksum>
            <datadir zip="true">https://raw.githubusercontent.com/techecoyote/The_Laboratory/master/zips/</datadir>
        </dir>
        <dir>
            <info compressed="false">https://raw.githubusercontent.com/jsergio123/zips/master/addons.xml</info>
            <checksum>https://raw.githubusercontent.com/jsergio123/zips/master/addons.xml.md5</checksum>
            <datadir zip="true">https://raw.githubusercontent.com/jsergio123/zips/master/</datadir>
        </dir>
        <dir>
            <info compressed="false">https://raw.github.com/Gujal00/GujalKodiWork/master/upto_leia/addons.xml</info>
            <checksum>https://raw.github.com/Gujal00/GujalKodiWork/master/upto_leia/addons.xml.md5</checksum>
            <datadir zip="true">https://raw.github.com/Gujal00/GujalKodiWork/master/upto_leia/zips</datadir>
        </dir>
        <dir>
          <info compressed="false">https://raw.githubusercontent.com/Gujal00/smrzips/master/addons.xml</info>
          <checksum>https://raw.githubusercontent.com/Gujal00/smrzips/master/addons.xml.md5</checksum>
          <datadir zip="true">https://raw.githubusercontent.com/Gujal00/smrzips/master/zips/</datadir>
        </dir>
        <dir>
            <info compressed="false">https://raw.githubusercontent.com/a4k-openproject/repository.openscrapers/master/zips/addons.xml</info>
            <checksum>https://raw.githubusercontent.com/a4k-openproject/repository.openscrapers/master/zips/addons.xml.md5</checksum>
            <datadir zip="true">https://raw.githubusercontent.com/a4k-openproject/repository.openscrapers/master/zips/</datadir>
        </dir>
        <dir>
            <info compressed="false">https://raw.githubusercontent.com/teamuniversal/scrapers/master/_modules4all/zips/addons.xml</info>
            <checksum>https://raw.githubusercontent.com/teamuniversal/scrapers/master/_modules4all/zips/addons.xml.md5</checksum>
            <datadir zip="true">https://raw.githubusercontent.com/teamuniversal/scrapers/master/_modules4all/zips/</datadir>
        </dir>
        <dir>
            <info compressed="false">https://raw.githubusercontent.com/mr-kodi/repository.myaccounts/master/zips/addons.xml</info>
            <checksum>https://raw.githubusercontent.com/mr-kodi/repository.myaccounts/master/zips/addons.xml.md5</checksum>
            <datadir zip="true">https://raw.githubusercontent.com/mr-kodi/repository.myaccounts/master/zips/</datadir>
        </dir>
        <dir>
            <info compressed="false">https://raw.githubusercontent.com/mr-kodi/repository.fenomscrapers/master/zips/addons.xml</info>
            <checksum>https://raw.githubusercontent.com/mr-kodi/repository.fenomscrapers/master/zips/addons.xml.md5</checksum>
            <datadir zip="true">https://raw.githubusercontent.com/mr-kodi/repository.fenomscrapers/master/zips/</datadir>
        </dir>
    </extension>
    <extension point="xbmc.addon.metadata">
        <summary>[COLORspringgreen]L[COLORpalegreen]o[COLORlime]o[COLORred]N[COLORcrimson]a[COLORmediumpurple]t[COLORmediumorchid]i[COLORorangered]c[COLORorange]s [COLORdeepskyblue]Asylum[/COLOR] [COLORblue]Repo[/COLOR]</summary>
        <description>[COLORspringgreen]L[COLORpalegreen]o[COLORlime]o[COLORred]N[COLORcrimson]a[COLORmediumpurple]t[COLORmediumorchid]i[COLORorangered]c[COLORorange]s [COLORdeepskyblue]Asylum[/COLOR] [COLORblue]Repo[/COLOR]</description>
        <platform>all</platform>
    <assets>
        <icon>icon.png</icon>
        <fanart>fanart.jpg</fanart>
    </assets>
    </extension>
</addon>