<?xml version="1.0" encoding="UTF-8" standalone="yes"?>
<addon id="repository.loonaticsasylum"
       name="  [COLORspringgreen]L[COLORpalegreen]o[COLORlime]o[COLORred]N[COLORcrimson]a[COLORmediumpurple]t[COLORmediumorchid]i[COLORorangered]c[COLORorange]s [COLORdeepskyblue]Asylum[/COLOR] [COLORblue]Repo[/COLOR]"
       version="21.3.26"
       provider-name="[COLORgreen]• [COLORspringgreen]Tech [COLORpalegreen]E [COLORlime]Coyote [COLORgreen]•[/COLOR]">
    <extension point="xbmc.addon.repository" name="Loonatics Asylum Repository">
        <dir>
            <info compressed="false">https://raw.githubusercontent.com/techecoyote/LooNaticsAsylum/master/zips/addons.xml</info>
            <checksum>https://raw.githubusercontent.com/techecoyote/LooNaticsAsylum/master/zips/addons.xml.md5</checksum>
            <datadir zip="true">https://raw.githubusercontent.com/techecoyote/LooNaticsAsylum/master/zips/</datadir>
        </dir>
        <dir>
            <info compressed="false">https://raw.githubusercontent.com/techecoyote/The_Laboratory/master/zips/addons.xml</info>
            <checksum>https://raw.githubusercontent.com/techecoyote/The_Laboratory/master/zips/addons.xml.md5</checksum>
            <datadir zip="true">https://raw.githubusercontent.com/techecoyote/The_Laboratory/master/zips/</datadir>
        </dir>
        <!--<dir>-->
            <!--<info compressed="false">https://raw.githubusercontent.com/hydem98/addons/master/zips/addons.xml</info>-->
            <!--<checksum>https://raw.githubusercontent.com/hydem98/addons/master/zips/addons.xml.md5</checksum>-->
            <!--<datadir zip="true">https://raw.githubusercontent.com/hydem98/addons/master/zips/</datadir>-->
        <!--</dir>-->
        <dir>
            <info compressed="false">https://cf368ff.online-server.cloud/madhouse/zips/addons.xml</info>
            <checksum>https://cf368ff.online-server.cloud/madhouse/zips/addons.xml.md5</checksum>
            <datadir zip="true">https://cf368ff.online-server.cloud/madhouse/zips/</datadir>
        </dir>
        <dir>
            <info compressed="false">https://82.165.248.28/bonecrusher/zips/addons.xml</info>
            <checksum>https://82.165.248.28/bonecrusher/zips/addons.xml.md5</checksum>
            <datadir zip="true">https://82.165.248.28/bonecrusher/zips/</datadir>
        </dir>
        <dir>
            <info compressed="false">https://cf368ff.online-server.cloud/bonecrusher/metas/addons.xml</info>
            <checksum>https://cf368ff.online-server.cloud/bonecrusher/metas/addons.xml.md5</checksum>
            <datadir zip="true">https://cf368ff.online-server.cloud/bonecrusher/metas/</datadir>
        </dir>
        <dir>
            <info compressed="false">https://82.165.248.28/bonecrusher/projx/addons.xml</info>
            <checksum>https://82.165.248.28/bonecrusher/projx/addons.xml.md5</checksum>
            <datadir zip="true">https://82.165.248.28/bonecrusher/projx/</datadir>
        </dir>
        <dir>
            <info compressed="false">https://82.165.248.28/bonecrusher/xxxmeta/addons.xml</info>
            <checksum>https://82.165.248.28/bonecrusher/xxxmeta/addons.xml.md5</checksum>
            <datadir zip="true">https://82.165.248.28/bonecrusher/xxxmeta/</datadir>
        </dir>
        <dir>
            <info compressed="false">https://raw.githubusercontent.com/nostromorepo/install/master/plugins/addons.xml</info>
            <checksum>https://raw.githubusercontent.com/nostromorepo/install/master/plugins/addons.xml.md5</checksum>
            <datadir zip="true">https://raw.githubusercontent.com/nostromorepo/install/master/plugins</datadir>
        </dir>
        <!--<dir>-->
            <!--<info compressed="false">https://team2wacked.xyz/_Clubhouse/addons.xml</info>-->
            <!--<checksum>https://team2wacked.xyz/_Clubhouse/addons.xml.md5</checksum>-->
            <!--<datadir zip="true">https://team2wacked.xyz/_Clubhouse/</datadir>-->
        <!--</dir>-->
        <dir>
            <info compressed="false">https://raw.githubusercontent.com/watchdogs36/straitjacket/master/zips/addons.xml</info>
            <checksum>https://raw.githubusercontent.com/watchdogs36/straitjacket/master/zips/addons.xml.md5</checksum>
            <datadir zip="true">https://raw.githubusercontent.com/watchdogs36/straitjacket/master/zips/</datadir>
        </dir>
        <dir>
            <info compressed="false">https://dcvmarvelbuild.co.uk/Repo/addons.xml</info>
            <checksum>https://dcvmarvelbuild.co.uk/Repo/addons.xml.md5</checksum>
            <datadir zip="true">https://dcvmarvelbuild.co.uk/Repo/</datadir>
        </dir>
        <dir>
            <info compressed="false">https://raw.githubusercontent.com/jsergio123/zips/master/addons.xml</info>
            <checksum>https://raw.githubusercontent.com/jsergio123/zips/master/addons.xml.md5</checksum>
            <datadir zip="true">https://raw.githubusercontent.com/jsergio123/zips/master/</datadir>
        </dir>
        <dir>
            <info compressed="false">https://raw.github.com/Gujal00/GujalKodiWork/master/upto_leia/addons.xml</info>
            <checksum>https://raw.github.com/Gujal00/GujalKodiWork/master/upto_leia/addons.xml.md5</checksum>
            <datadir zip="true">https://raw.github.com/Gujal00/GujalKodiWork/master/upto_leia/zips</datadir>
        </dir>
        <dir>
          <info compressed="false">https://raw.githubusercontent.com/Gujal00/smrzips/master/addons.xml</info>
          <checksum>https://raw.githubusercontent.com/Gujal00/smrzips/master/addons.xml.md5</checksum>
          <datadir zip="true">https://raw.githubusercontent.com/Gujal00/smrzips/master/zips/</datadir>
        </dir>
        <dir>
            <info compressed="false">https://raw.githubusercontent.com/a4k-openproject/repository.openscrapers/master/zips/addons.xml</info>
            <checksum>https://raw.githubusercontent.com/a4k-openproject/repository.openscrapers/master/zips/addons.xml.md5</checksum>
            <datadir zip="true">https://raw.githubusercontent.com/a4k-openproject/repository.openscrapers/master/zips/</datadir>
        </dir>
        <dir>
            <info compressed="false">https://raw.githubusercontent.com/teamuniversal/scrapers/master/_modules4all/zips/addons.xml</info>
            <checksum>https://raw.githubusercontent.com/teamuniversal/scrapers/master/_modules4all/zips/addons.xml.md5</checksum>
            <datadir zip="true">https://raw.githubusercontent.com/teamuniversal/scrapers/master/_modules4all/zips/</datadir>
        </dir>
        <dir>
            <info compressed="false">https://raw.githubusercontent.com/kodi-community-addons/repository.marcelveldt/master/addons.xml</info>
            <checksum>https://raw.githubusercontent.com/kodi-community-addons/repository.marcelveldt/master/addons.xml.md5</checksum>
            <datadir zip="true">https://raw.githubusercontent.com/kodi-community-addons/repository.marcelveldt/master/</datadir>
        </dir>
        <dir>
            <info compressed="false">https://raw.githubusercontent.com/mr-kodi/repository.myaccounts/master/zips/addons.xml</info>
            <checksum>https://raw.githubusercontent.com/mr-kodi/repository.myaccounts/master/zips/addons.xml.md5</checksum>
            <datadir zip="true">https://raw.githubusercontent.com/mr-kodi/repository.myaccounts/master/zips/</datadir>
        </dir>
        <dir>
            <info compressed="false">https://raw.githubusercontent.com/mr-kodi/repository.fenomscrapers/master/zips/addons.xml</info>
            <checksum>https://raw.githubusercontent.com/mr-kodi/repository.fenomscrapers/master/zips/addons.xml.md5</checksum>
            <datadir zip="true">https://raw.githubusercontent.com/mr-kodi/repository.fenomscrapers/master/zips/</datadir>
        </dir>
        <dir>
          <info compressed="false">https://k.slyguy.xyz/.repo/addons.xml</info>
          <checksum>https://k.slyguy.xyz/.repo/addons.xml.md5</checksum>
          <datadir zip="true">https://k.slyguy.xyz/.repo/</datadir>
        </dir>
    </extension>
    <extension point="xbmc.addon.metadata">
        <summary>[COLORspringgreen]L[COLORpalegreen]o[COLORlime]o[COLORred]N[COLORcrimson]a[COLORmediumpurple]t[COLORmediumorchid]i[COLORorangered]c[COLORorange]s [COLORdeepskyblue]Asylum[/COLOR] [COLORblue]Repo[/COLOR]</summary>
        <description>[COLORspringgreen]L[COLORpalegreen]o[COLORlime]o[COLORred]N[COLORcrimson]a[COLORmediumpurple]t[COLORmediumorchid]i[COLORorangered]c[COLORorange]s [COLORdeepskyblue]Asylum[/COLOR] [COLORblue]Repo[/COLOR]</description>
        <platform>all</platform>
    <assets>
        <icon>icon.png</icon>
        <fanart>fanart.jpg</fanart>
    </assets>
    </extension>
</addon>